Employee_id_No,Full_Name,Email,Birth_year
2706,Ruto Kamau,rutokamau@gamil.com,1988
2800,incent Kilimo,vincentkilimo@gamil.com,1969
2808,Millicent Yetu,millicentyetu@gamil.com,2000
2850,Kenny Allan,kennyallan@gamil.com,1971
2961,Ann Weta,annweta@gamil.com,1981
3109,Mkenya Africa,mkenyarica@gamil.com,2003
